method,run,seed,tag,final_epoch,final_value,last20_mean,best_value
no_tracking,franka_cube_baseline_A_histseed_2557f3e_20260612_0922,1781139395,Episode/cube_action_penalty,597,-0.0007690091151744127,-0.000752423217636533,-0.0006727568106725812
no_tracking,franka_cube_baseline_A_histseed_2557f3e_20260612_0922,1781139395,Episode/cube_approach_reward,597,1.1245038509368896,1.1246710121631622,1.1325255632400513
no_tracking,franka_cube_baseline_A_histseed_2557f3e_20260612_0922,1781139395,Episode/cube_close_action_reward,597,0.013065829873085022,0.01173288959544152,0.2948841154575348
no_tracking,franka_cube_baseline_A_histseed_2557f3e_20260612_0922,1781139395,Episode/cube_descend_action_penalty,597,-0.0008349275449290872,-0.0008299802982946857,-0.0005495044169947505
no_tracking,franka_cube_baseline_A_histseed_2557f3e_20260612_0922,1781139395,Episode/cube_enclosure_reward,597,0.6269724369049072,0.6271728098392486,0.6315905451774597
no_tracking,franka_cube_baseline_A_histseed_2557f3e_20260612_0922,1781139395,Episode/cube_gripper_close_reg,597,-0.0011052730260416865,-0.001113238593097776,-1.1391697626095265e-05
no_tracking,franka_cube_baseline_A_histseed_2557f3e_20260612_0922,1781139395,Episode/cube_height_tracking_reward,597,1.417948603630066,1.4378384590148925,1.5105655193328857
no_tracking,franka_cube_baseline_A_histseed_2557f3e_20260612_0922,1781139395,Episode/cube_lift_action_reward,597,0.010052320547401905,0.009236672148108482,0.4295998811721802
no_tracking,franka_cube_baseline_A_histseed_2557f3e_20260612_0922,1781139395,Episode/cube_lift_reward,597,5.876993179321289,5.9366923570632935,6.1827497482299805
no_tracking,franka_cube_baseline_A_histseed_2557f3e_20260612_0922,1781139395,Episode/cube_success_bonus,597,12.282485961914062,12.418172836303711,12.993392944335938
no_tracking,franka_cube_baseline_A_histseed_2557f3e_20260612_0922,1781139395,Episode/cube_table_clearance_penalty,597,0.0,0.0,0.0
no_tracking,franka_cube_baseline_A_histseed_2557f3e_20260612_0922,1781139395,Episode/cube_xy_stability_reward,597,0.4534476697444916,0.44829143285751344,0.9661779403686523
tracking_loss,franka_cube_trackloss_default_b7e04f0_seed1_20260612_1042,1,Episode/cube_action_penalty,586,-0.0022149146534502506,-0.002198729629162699,-0.0018023725133389235
tracking_loss,franka_cube_trackloss_default_b7e04f0_seed1_20260612_1042,1,Episode/cube_approach_reward,586,0.8062151670455933,0.8142894327640533,0.9408743977546692
tracking_loss,franka_cube_trackloss_default_b7e04f0_seed1_20260612_1042,1,Episode/cube_close_action_reward,586,0.25656425952911377,0.259067165851593,0.29091429710388184
tracking_loss,franka_cube_trackloss_default_b7e04f0_seed1_20260612_1042,1,Episode/cube_descend_action_penalty,586,-0.04007602110505104,-0.055269847717136146,-0.02425011806190014
tracking_loss,franka_cube_trackloss_default_b7e04f0_seed1_20260612_1042,1,Episode/cube_enclosure_reward,586,0.48186612129211426,0.48549501299858094,0.5459820032119751
tracking_loss,franka_cube_trackloss_default_b7e04f0_seed1_20260612_1042,1,Episode/cube_gripper_close_reg,586,-1.584197707416024e-05,-1.9387398606340866e-05,-3.3870837796712294e-06
tracking_loss,franka_cube_trackloss_default_b7e04f0_seed1_20260612_1042,1,Episode/cube_height_tracking_reward,586,0.06740681082010269,0.06690671369433403,0.0759543776512146
tracking_loss,franka_cube_trackloss_default_b7e04f0_seed1_20260612_1042,1,Episode/cube_lift_action_reward,586,0.6170251965522766,0.5787332430481911,0.752450704574585
tracking_loss,franka_cube_trackloss_default_b7e04f0_seed1_20260612_1042,1,Episode/cube_lift_reward,586,0.03372315689921379,0.029365026485174896,0.047463320195674896
tracking_loss,franka_cube_trackloss_default_b7e04f0_seed1_20260612_1042,1,Episode/cube_success_bonus,586,0.05916595458984375,0.0514984130859375,0.07907867431640625
tracking_loss,franka_cube_trackloss_default_b7e04f0_seed1_20260612_1042,1,Episode/cube_table_clearance_penalty,586,0.0,0.0,0.0
tracking_loss,franka_cube_trackloss_default_b7e04f0_seed1_20260612_1042,1,Episode/cube_traj_tracking_action_alignment_reward,586,0.0,0.0,0.0
tracking_loss,franka_cube_trackloss_default_b7e04f0_seed1_20260612_1042,1,Episode/cube_traj_tracking_close_action_reward,586,0.7756940126419067,0.7934659451246262,1.4935194253921509
tracking_loss,franka_cube_trackloss_default_b7e04f0_seed1_20260612_1042,1,Episode/cube_traj_tracking_gripper_reward,586,0.03463518247008324,0.024466402642428876,0.09873415529727936
tracking_loss,franka_cube_trackloss_default_b7e04f0_seed1_20260612_1042,1,Episode/cube_traj_tracking_lift_action_reward,586,0.9522952437400818,1.1043609797954559,1.8974390029907227
tracking_loss,franka_cube_trackloss_default_b7e04f0_seed1_20260612_1042,1,Episode/cube_traj_tracking_orientation_reward,586,0.0027054492384195328,0.0023999843455385418,0.028861047700047493
tracking_loss,franka_cube_trackloss_default_b7e04f0_seed1_20260612_1042,1,Episode/cube_traj_tracking_position_reward,586,0.28102344274520874,0.19389453083276748,0.47548454999923706
tracking_loss,franka_cube_trackloss_default_b7e04f0_seed1_20260612_1042,1,Episode/cube_traj_tracking_reward,586,2.046353340148926,2.118587839603424,3.3242716789245605
tracking_loss,franka_cube_trackloss_default_b7e04f0_seed1_20260612_1042,1,Episode/cube_xy_stability_reward,586,0.8612489700317383,0.8634616553783416,0.932207465171814
tracking_loss,franka_cube_trackloss_default_b7e04f0_seed2_20260612_1042,2,Episode/cube_action_penalty,589,-0.0011117866961285472,-0.0011140561196953057,-0.0008042843546718359
tracking_loss,franka_cube_trackloss_default_b7e04f0_seed2_20260612_1042,2,Episode/cube_approach_reward,589,1.1027079820632935,1.098879075050354,1.1060715913772583
tracking_loss,franka_cube_trackloss_default_b7e04f0_seed2_20260612_1042,2,Episode/cube_close_action_reward,589,0.002255176892504096,0.002582507918123156,0.28756844997406006
tracking_loss,franka_cube_trackloss_default_b7e04f0_seed2_20260612_1042,2,Episode/cube_descend_action_penalty,589,-0.00046218259376473725,-0.0005094310545246117,-0.0002956533571705222
tracking_loss,franka_cube_trackloss_default_b7e04f0_seed2_20260612_1042,2,Episode/cube_enclosure_reward,589,0.611134946346283,0.6095161110162735,0.6140920519828796
tracking_loss,franka_cube_trackloss_default_b7e04f0_seed2_20260612_1042,2,Episode/cube_gripper_close_reg,589,-0.00123408657964319,-0.0012378548039123417,-1.2708531357930042e-05
tracking_loss,franka_cube_trackloss_default_b7e04f0_seed2_20260612_1042,2,Episode/cube_height_tracking_reward,589,1.2511544227600098,1.2557600259780883,1.3325448036193848
tracking_loss,franka_cube_trackloss_default_b7e04f0_seed2_20260612_1042,2,Episode/cube_lift_action_reward,589,0.004017039202153683,0.005238523485604674,0.46613460779190063
tracking_loss,franka_cube_trackloss_default_b7e04f0_seed2_20260612_1042,2,Episode/cube_lift_reward,589,6.059110641479492,5.956121015548706,6.148418426513672
tracking_loss,franka_cube_trackloss_default_b7e04f0_seed2_20260612_1042,2,Episode/cube_success_bonus,589,12.547645568847656,12.32252311706543,12.765426635742188
tracking_loss,franka_cube_trackloss_default_b7e04f0_seed2_20260612_1042,2,Episode/cube_table_clearance_penalty,589,0.0,0.0,0.0
tracking_loss,franka_cube_trackloss_default_b7e04f0_seed2_20260612_1042,2,Episode/cube_traj_tracking_action_alignment_reward,589,0.0,0.0,0.0
tracking_loss,franka_cube_trackloss_default_b7e04f0_seed2_20260612_1042,2,Episode/cube_traj_tracking_close_action_reward,589,0.15056149661540985,0.11435519009828568,1.3968594074249268
tracking_loss,franka_cube_trackloss_default_b7e04f0_seed2_20260612_1042,2,Episode/cube_traj_tracking_gripper_reward,589,0.027393173426389694,0.0339495463296771,0.10604552924633026
tracking_loss,franka_cube_trackloss_default_b7e04f0_seed2_20260612_1042,2,Episode/cube_traj_tracking_lift_action_reward,589,0.6781576871871948,0.49812653213739394,1.152829885482788
tracking_loss,franka_cube_trackloss_default_b7e04f0_seed2_20260612_1042,2,Episode/cube_traj_tracking_orientation_reward,589,0.005916130263358355,0.006923809926956892,0.028461432084441185
tracking_loss,franka_cube_trackloss_default_b7e04f0_seed2_20260612_1042,2,Episode/cube_traj_tracking_position_reward,589,0.11176341772079468,0.11464309096336364,0.6098824739456177
tracking_loss,franka_cube_trackloss_default_b7e04f0_seed2_20260612_1042,2,Episode/cube_traj_tracking_reward,589,0.9737918972969055,0.7679981648921966,2.667790651321411
tracking_loss,franka_cube_trackloss_default_b7e04f0_seed2_20260612_1042,2,Episode/cube_xy_stability_reward,589,0.44301801919937134,0.45223700553178786,0.9286549687385559
tracking_loss,franka_cube_trackloss_default_b7e04f0_seed3_20260612_1042,3,Episode/cube_action_penalty,571,-0.0015078216092661023,-0.001529597124317661,-0.001438414677977562
tracking_loss,franka_cube_trackloss_default_b7e04f0_seed3_20260612_1042,3,Episode/cube_approach_reward,571,1.0404502153396606,1.032836812734604,1.0417633056640625
tracking_loss,franka_cube_trackloss_default_b7e04f0_seed3_20260612_1042,3,Episode/cube_close_action_reward,571,0.006882030516862869,0.007933699223212898,0.2909667491912842
tracking_loss,franka_cube_trackloss_default_b7e04f0_seed3_20260612_1042,3,Episode/cube_descend_action_penalty,571,-0.004051527939736843,-0.005193035607226193,-0.003731665899977088
tracking_loss,franka_cube_trackloss_default_b7e04f0_seed3_20260612_1042,3,Episode/cube_enclosure_reward,571,0.5877550840377808,0.5839399129152298,0.5887221097946167
tracking_loss,franka_cube_trackloss_default_b7e04f0_seed3_20260612_1042,3,Episode/cube_gripper_close_reg,571,-0.0014564956072717905,-0.0014625780284404754,-1.3244998626760207e-05
tracking_loss,franka_cube_trackloss_default_b7e04f0_seed3_20260612_1042,3,Episode/cube_height_tracking_reward,571,1.2092535495758057,1.1335189819335938,1.2230803966522217
tracking_loss,franka_cube_trackloss_default_b7e04f0_seed3_20260612_1042,3,Episode/cube_lift_action_reward,571,0.00274129630997777,0.0039022535900585355,0.4582846760749817
tracking_loss,franka_cube_trackloss_default_b7e04f0_seed3_20260612_1042,3,Episode/cube_lift_reward,571,5.577003479003906,5.403662109375,5.59837532043457
tracking_loss,franka_cube_trackloss_default_b7e04f0_seed3_20260612_1042,3,Episode/cube_success_bonus,571,10.964126586914062,9.677078247070312,10.964126586914062
tracking_loss,franka_cube_trackloss_default_b7e04f0_seed3_20260612_1042,3,Episode/cube_table_clearance_penalty,571,0.0,0.0,0.0
tracking_loss,franka_cube_trackloss_default_b7e04f0_seed3_20260612_1042,3,Episode/cube_traj_tracking_action_alignment_reward,571,0.0,0.0,0.0
tracking_loss,franka_cube_trackloss_default_b7e04f0_seed3_20260612_1042,3,Episode/cube_traj_tracking_close_action_reward,571,0.259615957736969,0.1824500396847725,1.4339730739593506
tracking_loss,franka_cube_trackloss_default_b7e04f0_seed3_20260612_1042,3,Episode/cube_traj_tracking_gripper_reward,571,0.025953810662031174,0.035908935219049455,0.08707219362258911
tracking_loss,franka_cube_trackloss_default_b7e04f0_seed3_20260612_1042,3,Episode/cube_traj_tracking_lift_action_reward,571,0.21891552209854126,0.16134723462164402,1.1927154064178467
tracking_loss,franka_cube_trackloss_default_b7e04f0_seed3_20260612_1042,3,Episode/cube_traj_tracking_orientation_reward,571,0.003940525930374861,0.0062582824262790385,0.06270759552717209
tracking_loss,franka_cube_trackloss_default_b7e04f0_seed3_20260612_1042,3,Episode/cube_traj_tracking_position_reward,571,0.08272156119346619,0.09791858196258545,0.7045674324035645
tracking_loss,franka_cube_trackloss_default_b7e04f0_seed3_20260612_1042,3,Episode/cube_traj_tracking_reward,571,0.5911473631858826,0.4838830798864365,2.686755657196045
tracking_loss,franka_cube_trackloss_default_b7e04f0_seed3_20260612_1042,3,Episode/cube_xy_stability_reward,571,0.4120606780052185,0.42159020304679873,0.9495793581008911
tracking_loss,franka_cube_trackloss_default_b7e04f0_seed4_20260612_1042,4,Episode/cube_action_penalty,585,-0.002209358848631382,-0.0022284228820353747,-0.0017999217379838228
tracking_loss,franka_cube_trackloss_default_b7e04f0_seed4_20260612_1042,4,Episode/cube_approach_reward,585,0.7745941281318665,0.7737659543752671,0.896742582321167
tracking_loss,franka_cube_trackloss_default_b7e04f0_seed4_20260612_1042,4,Episode/cube_close_action_reward,585,0.24882715940475464,0.2481715515255928,0.2931518852710724
tracking_loss,franka_cube_trackloss_default_b7e04f0_seed4_20260612_1042,4,Episode/cube_descend_action_penalty,585,-0.23607966303825378,-0.2380881518125534,-0.022689569741487503
tracking_loss,franka_cube_trackloss_default_b7e04f0_seed4_20260612_1042,4,Episode/cube_enclosure_reward,585,0.46665889024734497,0.46583192348480223,0.5255656838417053
tracking_loss,franka_cube_trackloss_default_b7e04f0_seed4_20260612_1042,4,Episode/cube_gripper_close_reg,585,-1.3400864190771244e-05,-1.822889325922006e-05,-5.333117769623641e-06
tracking_loss,franka_cube_trackloss_default_b7e04f0_seed4_20260612_1042,4,Episode/cube_height_tracking_reward,585,0.06006143242120743,0.06031607687473297,0.07037375122308731
tracking_loss,franka_cube_trackloss_default_b7e04f0_seed4_20260612_1042,4,Episode/cube_lift_action_reward,585,0.41263431310653687,0.39445694237947465,0.4694824516773224
tracking_loss,franka_cube_trackloss_default_b7e04f0_seed4_20260612_1042,4,Episode/cube_lift_reward,585,0.04963308572769165,0.03931722603738308,0.05145592987537384
tracking_loss,franka_cube_trackloss_default_b7e04f0_seed4_20260612_1042,4,Episode/cube_success_bonus,585,0.06237030029296875,0.042560577392578125,0.0684356689453125
tracking_loss,franka_cube_trackloss_default_b7e04f0_seed4_20260612_1042,4,Episode/cube_table_clearance_penalty,585,0.0,0.0,0.0
tracking_loss,franka_cube_trackloss_default_b7e04f0_seed4_20260612_1042,4,Episode/cube_traj_tracking_action_alignment_reward,585,0.0,0.0,0.0
tracking_loss,franka_cube_trackloss_default_b7e04f0_seed4_20260612_1042,4,Episode/cube_traj_tracking_close_action_reward,585,0.5189080238342285,0.7738628730177879,1.349665880203247
tracking_loss,franka_cube_trackloss_default_b7e04f0_seed4_20260612_1042,4,Episode/cube_traj_tracking_gripper_reward,585,0.031022056937217712,0.0240493131801486,0.09263724088668823
tracking_loss,franka_cube_trackloss_default_b7e04f0_seed4_20260612_1042,4,Episode/cube_traj_tracking_lift_action_reward,585,0.34151491522789,0.6202203586697579,1.253640055656433
tracking_loss,franka_cube_trackloss_default_b7e04f0_seed4_20260612_1042,4,Episode/cube_traj_tracking_orientation_reward,585,0.014252562075853348,0.014276088867336511,0.052711859345436096
tracking_loss,franka_cube_trackloss_default_b7e04f0_seed4_20260612_1042,4,Episode/cube_traj_tracking_position_reward,585,0.34230202436447144,0.24422941133379936,0.5154876708984375
tracking_loss,franka_cube_trackloss_default_b7e04f0_seed4_20260612_1042,4,Episode/cube_traj_tracking_reward,585,1.247999668121338,1.676638001203537,2.705730438232422
tracking_loss,franka_cube_trackloss_default_b7e04f0_seed4_20260612_1042,4,Episode/cube_xy_stability_reward,585,0.877801775932312,0.8752878159284592,0.9494645595550537
tracking_loss,franka_cube_trackloss_default_b7e04f0_seed5_20260612_1042,5,Episode/cube_action_penalty,585,-0.0011092694476246834,-0.0011036709067411721,-0.0008060403633862734
tracking_loss,franka_cube_trackloss_default_b7e04f0_seed5_20260612_1042,5,Episode/cube_approach_reward,585,1.1087088584899902,1.102727609872818,1.1087088584899902
tracking_loss,franka_cube_trackloss_default_b7e04f0_seed5_20260612_1042,5,Episode/cube_close_action_reward,585,0.00678626075387001,0.0063230536412447694,0.2810917794704437
tracking_loss,franka_cube_trackloss_default_b7e04f0_seed5_20260612_1042,5,Episode/cube_descend_action_penalty,585,-0.002178659662604332,-0.0014278196933446452,-0.0007386151701211929
tracking_loss,franka_cube_trackloss_default_b7e04f0_seed5_20260612_1042,5,Episode/cube_enclosure_reward,585,0.6169053316116333,0.6139915138483047,0.6170440912246704
tracking_loss,franka_cube_trackloss_default_b7e04f0_seed5_20260612_1042,5,Episode/cube_gripper_close_reg,585,-0.0014698086306452751,-0.0014805065235123037,-9.44273233471904e-06
tracking_loss,franka_cube_trackloss_default_b7e04f0_seed5_20260612_1042,5,Episode/cube_height_tracking_reward,585,0.7400211691856384,0.6713483363389969,0.7822362780570984
tracking_loss,franka_cube_trackloss_default_b7e04f0_seed5_20260612_1042,5,Episode/cube_lift_action_reward,585,0.0027408921159803867,0.0027603850699961185,0.38640648126602173
tracking_loss,franka_cube_trackloss_default_b7e04f0_seed5_20260612_1042,5,Episode/cube_lift_reward,585,5.759929656982422,5.67338376045227,5.880632400512695
tracking_loss,franka_cube_trackloss_default_b7e04f0_seed5_20260612_1042,5,Episode/cube_success_bonus,585,11.91650390625,11.744922637939453,12.202606201171875
tracking_loss,franka_cube_trackloss_default_b7e04f0_seed5_20260612_1042,5,Episode/cube_table_clearance_penalty,585,0.0,0.0,0.0
tracking_loss,franka_cube_trackloss_default_b7e04f0_seed5_20260612_1042,5,Episode/cube_traj_tracking_action_alignment_reward,585,0.0,0.0,0.0
tracking_loss,franka_cube_trackloss_default_b7e04f0_seed5_20260612_1042,5,Episode/cube_traj_tracking_close_action_reward,585,0.3228166401386261,0.36223250478506086,1.210204839706421
tracking_loss,franka_cube_trackloss_default_b7e04f0_seed5_20260612_1042,5,Episode/cube_traj_tracking_gripper_reward,585,0.03582380712032318,0.03722663484513759,0.10693739354610443
tracking_loss,franka_cube_trackloss_default_b7e04f0_seed5_20260612_1042,5,Episode/cube_traj_tracking_lift_action_reward,585,0.4376643896102905,0.5137789100408554,0.935076117515564
tracking_loss,franka_cube_trackloss_default_b7e04f0_seed5_20260612_1042,5,Episode/cube_traj_tracking_orientation_reward,585,0.00663185678422451,0.007309524668380618,0.05741778016090393
tracking_loss,franka_cube_trackloss_default_b7e04f0_seed5_20260612_1042,5,Episode/cube_traj_tracking_position_reward,585,0.09157414734363556,0.09661453142762184,0.4974648356437683
tracking_loss,franka_cube_trackloss_default_b7e04f0_seed5_20260612_1042,5,Episode/cube_traj_tracking_reward,585,0.8945108652114868,1.0171621054410935,2.279355525970459
tracking_loss,franka_cube_trackloss_default_b7e04f0_seed5_20260612_1042,5,Episode/cube_xy_stability_reward,585,0.47186803817749023,0.48135330229997636,0.9304852485656738
